Imagen|dannos|partes|sugerencias
1.jpg|1|11|1
2.jpg|1|34|1
3.jpg|5|33|1
4.jpg|6|40|1
5.jpg|6|32|2
6.jpg|5|34|1
7.jpg|6|31|2
8.jpg|6|31|2
9.jpg|2|3|1
9.jpg|2|12|1
9.jpg|6|31|2
9.jpg|6|9|2
9.jpg|6|15|2
10.jpg|6|31|2
11.jpg|5|34|1
12.jpg|6|9|2
13.jpg|6|10|2
14.jpg|1|34|1
15.jpg|6|9|2
15.jpg|6|33|1
15.jpg|6|11|1
15.jpg|6|15|2
16.jpg|1|11|1
17.jpg|5|37|1
17.jpg|5|13|1
18.jpg|6|9|2
18.jpg|6|33|2
18.jpg|6|15|2
19.jpg|6|32|2
20.jpg|1|36|1
20.jpg|1|12|1
20.jpg|1|25|1
21.jpg|1|11|1
21.jpg|1|3|1
21.jpg|3|33|2
21.jpg|6|9|2
22.jpg|4|33|1
23.jpg|1|33|1
24.jpg|6|40|2
25.jpg|2|11|1
26.jpg|6|9|2
26.jpg|6|11|1
26.jpg|6|33|1
27.jpg|6|40|1
28.jpg|5|36|1
28.jpg|5|12|1
29.jpg|2|33|1
29.jpg|6|9|2
30.jpg|1|3|1
30.jpg|2|11|1
30.jpg|4|33|1
30.jpg|6|9|2
31.jpg|5|33|1
32.jpg|5|36|1
32.jpg|5|12|1
32.jpg|6|16|2
33.jpg|5|12|1
34.jpg|5|34|1
35.jpg|6|31|2
36.jpg|6|40|1
37.jpg|6|33|1
38.jpg|6|32|2
39.jpg|5|33|1
40.jpg|2|25|1
41.jpg|1|3|1
41.jpg|6|9|2
42.jpg|5|33|1
43.jpg|5|33|1
44.jpg|1|34|1
44.jpg|1|13|1
45.jpg|1|38|1
46.jpg|1|11|1
46.jpg|5|33|1
47.jpg|6|40|1
48.jpg|5|33|1
49.jpg|6|48|2
50.jpg|6|31|2
51.jpg|6|40|1
52.jpg|1|33|1
53.jpg|5|33|1
53.jpg|6|9|2
54.jpg|5|12|1
55.jpg|6|31|2
56.jpg|1|34|1
57.jpg|1|35|1
57.jpg|1|37|1
58.jpg|5|11|1
59.jpg|6|31|2
60.jpg|2|12|1
60.jpg|2|3|1
60.jpg|6|8|2
60.jpg|6|33|1
61.jpg|1|12|1
61.jpg|6|33|1
62.jpg|6|9|2
63.jpg|5|33|1
64.jpg|1|12|1
65.jpg|1|12|1
65.jpg|1|33|1
66.jpg|6|31|2
67.jpg|6|33|1
67.jpg|6|1|2
68.jpg|6|31|2
69.jpg|5|34|1
70.jpg|6|9|2
71.jpg|5|34|1
72.jpg|1|11|1
73.jpg|1|3|1
73.jpg|6|31|2
74.jpg|5|34|1
75.jpg|2|12|1
75.jpg|3|33|1
76.jpg|1|34|1
77.jpg|5|34|1
78.jpg|1|3|1
78.jpg|1|33|1
78.jpg|2|12|1
79.jpg|2|36|1
79.jpg|2|38|1
80.jpg|6|9|2
81.jpg|5|34|1
82.jpg|6|31|2
83.jpg|1|34|1
84.jpg|2|12|1
84.jpg|6|40|1
85.jpg|3|33|1
86.jpg|5|33|1
87.jpg|5|11|1
88.jpg|5|34|1
89.jpg|1|11|1
90.jpg|1|14|1
90.jpg|1|34|1
90.jpg|2|21|1
90.jpg|6|20|1
91.jpg|6|31|2
92.jpg|2|34|1
92.jpg|6|20|2
93.jpg|5|36|1
94.jpg|6|31|2
95.jpg|6|33|1
96.jpg|1|11|1
97.jpg|1|12|1
97.jpg|2|3|1
97.jpg|4|39|2
97.jpg|6|33|1
98.jpg|1|37|1
98.jpg|5|11|1
99.jpg|6|31|2
100.jpg|2|11|1
100.jpg|6|9|2
100.jpg|6|33|1
101.jpg|1|33|1
102.jpg|4|34|1
103.jpg|5|33|1
104.jpg|5|34|1
105.jpg|6|45|2
106.jpg|1|11|1
106.jpg|1|25|1
106.jpg|2|35|1
107.jpg|6|40|1
108.jpg|4|33|1
109.jpg|1|14|1
109.jpg|1|25|1
110.jpg|5|35|1
111.jpg|5|33|1
111.jpg|5|11|1
112.jpg|1|24|1
112.jpg|5|38|1
113.jpg|6|10|2
113.jpg|6|33|1
113.jpg|6|2|2
114.jpg|1|33|1
115.jpg|6|31|2
116.jpg|6|20|2
116.jpg|6|34|2
117.jpg|2|13|1
117.jpg|3|34|1
117.jpg|6|19|2
118.jpg|5|33|1
119.jpg|5|34|1
120.jpg|1|13|1
120.jpg|5|34|1
121.jpg|6|10|2
122.jpg|1|33|1
122.jpg|1|11|1
122.jpg|2|3|1
122.jpg|6|9|2
123.jpg|1|11|1
124.jpg|6|46|2
125.jpg|6|45|2
126.jpg|2|3|2
127.jpg|6|31|2
128.jpg|1|12|1
128.jpg|1|33|1
128.jpg|1|3|1
128.jpg|6|10|2
129.jpg|6|33|1
130.jpg|1|36|1
130.jpg|1|25|1
131.jpg|5|35|1
132.jpg|1|34|1
133.jpg|5|34|1
134.jpg|5|32|1
135.jpg|1|34|1
135.jpg|2|14|1
135.jpg|6|20|2
136.jpg|1|33|1
137.jpg|6|33|1
138.jpg|1|14|1
139.jpg|1|11|1
140.jpg|6|31|2
141.jpg|6|31|2
142.jpg|1|12|1
142.jpg|1|3|1
142.jpg|4|33|2
142.jpg|6|10|2
143.jpg|6|52|2
144.jpg|6|9|2
145.jpg|5|38|1
145.jpg|5|14|1
146.jpg|5|14|1
147.jpg|6|31|2
148.jpg|6|40|1
149.jpg|5|34|1
150.jpg|5|33|1
151.jpg|1|12|1
152.jpg|5|38|1
152.jpg|5|14|1
153.jpg|1|3|1
153.jpg|2|12|2
153.jpg|3|33|1
153.jpg|6|10|2
154.jpg|1|36|1
154.jpg|1|25|1
154.jpg|2|11|2
155.jpg|1|14|1
156.jpg|6|40|1
157.jpg|6|31|2
158.jpg|3|33|1
158.jpg|6|9|2
159.jpg|6|40|1
160.jpg|5|33|1
161.jpg|1|37|1
161.jpg|1|13|1
162.jpg|1|33|1
163.jpg|1|37|1
164.jpg|1|34|1
165.jpg|1|33|1
166.jpg|5|11|1
167.jpg|6|46|2
168.jpg|1|34|1
169.jpg|1|21|1
170.jpg|6|31|2
171.jpg|6|46|2
172.jpg|1|34|1
173.jpg|2|3|2
173.jpg|6|33|2
173.jpg|6|10|2
173.jpg|6|39|2
174.jpg|1|12|1
174.jpg|5|33|1
174.jpg|6|40|1
175.jpg|5|33|1
176.jpg|2|3|2
176.jpg|3|12|2
176.jpg|3|33|2
176.jpg|3|39|2
177.jpg|5|34|1
178.jpg|1|38|1
178.jpg|1|25|1
178.jpg|1|14|1
178.jpg|1|34|1
179.jpg|5|33|1
180.jpg|6|10|2
181.jpg|6|31|2
182.jpg|3|33|2
182.jpg|5|3|1
183.jpg|1|11|1
184.jpg|6|31|2
185.jpg|1|11|1
185.jpg|5|33|1
186.jpg|1|34|1
187.jpg|4|33|1
188.jpg|6|40|1
189.jpg|5|33|1
190.jpg|1|14|1
191.jpg|1|34|1
192.jpg|1|34|1
193.jpg|5|33|1
194.jpg|1|35|1
195.jpg|1|3|1
195.jpg|2|43|1
195.jpg|6|31|2
196.jpg|2|3|1
196.jpg|4|33|2
196.jpg|4|39|2
197.jpg|6|31|2
198.jpg|1|11|1
198.jpg|1|33|1
199.jpg|5|36|1
200.jpg|5|34|1
201.jpg|5|33|1
202.jpg|6|19|2
203.jpg|1|21|1
204.jpg|5|21|1
205.jpg|2|36|2
206.jpg|6|31|2
207.jpg|5|12|1
208.jpg|6|31|2
209.jpg|5|34|1
210.jpg|5|14|1
210.jpg|5|34|1
211.jpg|1|33|1
211.jpg|3|11|1
212.jpg|6|47|2
213.jpg|2|36|2
214.jpg|6|20|2
215.jpg|1|36|1
216.jpg|1|21|1
217.jpg|5|34|1
218.jpg|1|14|1
219.jpg|1|38|1
219.jpg|2|36|2
219.jpg|2|25|1
220.jpg|1|34|1
221.jpg|3|12|2
221.jpg|6|40|2
222.jpg|1|36|1
223.jpg|5|35|1
224.jpg|6|31|2
225.jpg|5|33|1
226.jpg|6|9|2
227.jpg|6|40|1
228.jpg|5|36|1
229.jpg|1|12|1
229.jpg|3|33|1
229.jpg|6|40|1
230.jpg|6|10|2
231.jpg|1|33|1
231.jpg|1|11|1
232.jpg|5|33|1
233.jpg|5|33|1
234.jpg|6|20|2
235.jpg|1|33|1
236.jpg|1|11|1
237.jpg|6|40|1
238.jpg|5|13|1
239.jpg|1|12|1
239.jpg|6|10|2
240.jpg|1|14|1
240.jpg|6|40|1
241.jpg|1|33|1
241.jpg|1|3|1
241.jpg|2|11|2
241.jpg|6|9|2
242.jpg|1|34|1
242.jpg|1|13|1
242.jpg|1|37|1
242.jpg|1|25|1
243.jpg|6|47|2
244.jpg|1|11|1
245.jpg|1|33|1
245.jpg|1|12|1
245.jpg|1|3|1
245.jpg|3|8|2
245.jpg|6|10|2
246.jpg|5|11|1
247.jpg|6|31|2
248.jpg|5|33|1
249.jpg|5|33|1
249.jpg|5|12|1
250.jpg|1|12|1
250.jpg|5|33|1
251.jpg|1|33|1
251.jpg|1|3|1
251.jpg|1|11|1
251.jpg|6|9|2
252.jpg|1|38|1
253.jpg|6|33|2
254.jpg|1|12|1
254.jpg|1|33|1
255.jpg|5|33|1
256.jpg|1|14|1
257.jpg|5|33|1
258.jpg|1|13|1
258.jpg|3|34|1
258.jpg|6|19|2
259.jpg|6|40|1
260.jpg|6|32|2
261.jpg|1|38|1
262.jpg|1|13|1
262.jpg|1|37|1
263.jpg|1|37|1
263.jpg|1|35|1
263.jpg|1|25|1
264.jpg|1|12|1
265.jpg|5|33|1
266.jpg|6|52|2
267.jpg|6|10|2
267.jpg|6|33|2
268.jpg|6|19|2
269.jpg|1|13|1
269.jpg|1|37|1
270.jpg|6|32|2
271.jpg|6|40|1
272.jpg|6|31|2
273.jpg|6|45|2
274.jpg|6|40|2
274.jpg|6|11|2
274.jpg|6|33|1
275.jpg|6|20|2
276.jpg|1|12|1
276.jpg|6|10|2
276.jpg|6|33|2
277.jpg|5|33|1
278.jpg|6|32|2
279.jpg|4|33|1
280.jpg|5|34|1
281.jpg|1|34|1
281.jpg|1|13|1
282.jpg|6|40|1
283.jpg|1|13|1
283.jpg|1|34|1
283.jpg|6|19|2
284.jpg|1|14|1
285.jpg|1|34|1
286.jpg|6|31|2
287.jpg|6|40|2
288.jpg|1|12|1
288.jpg|4|33|1
289.jpg|5|33|1
290.jpg|5|33|1
291.jpg|5|33|1
292.jpg|1|11|1
292.jpg|5|33|1
293.jpg|1|33|1
293.jpg|1|12|1
294.jpg|6|40|1
295.jpg|5|33|1
296.jpg|5|35|1
297.jpg|1|11|1
297.jpg|1|3|1
298.jpg|5|33|1
299.jpg|5|34|1
299.jpg|6|20|2
300.jpg|1|36|1
301.jpg|6|19|2
302.jpg|6|33|2
303.jpg|6|34|1
304.jpg|5|33|1
305.jpg|5|33|1
306.jpg|6|20|2
307.jpg|6|31|2
308.jpg|4|14|1
309.jpg|1|21|1
310.jpg|5|33|1
311.jpg|6|31|2
312.jpg|1|34|1
313.jpg|5|12|1
313.jpg|5|36|1
314.jpg|1|38|1
314.jpg|2|36|1
315.jpg|1|36|1
315.jpg|1|38|1
316.jpg|1|36|1
316.jpg|1|38|1
317.jpg|1|12|1
317.jpg|2|36|2
317.jpg|3|16|2
318.jpg|4|34|1
319.jpg|1|33|1
320.jpg|1|12|1
320.jpg|3|33|1
320.jpg|6|10|2
321.jpg|1|36|1
321.jpg|3|40|2
321.jpg|6|48|2
321.jpg|6|52|2
322.jpg|5|33|1
322.jpg|6|40|1
323.jpg|1|34|1
324.jpg|1|14|1
325.jpg|2|12|1
325.jpg|6|33|1
326.jpg|5|13|1
326.jpg|6|19|2
327.jpg|1|35|1
327.jpg|1|25|1
327.jpg|1|13|1
328.jpg|6|47|2
329.jpg|2|12|2
329.jpg|3|33|1
330.jpg|1|11|1
331.jpg|1|33|1
332.jpg|1|36|1
332.jpg|1|25|1
333.jpg|1|34|1
333.jpg|1|21|1
334.jpg|1|33|1
334.jpg|6|9|2
335.jpg|5|34|1
336.jpg|6|34|2
337.jpg|6|32|2
338.jpg|1|25|1
338.jpg|2|35|1
339.jpg|1|13|1
339.jpg|2|34|2
339.jpg|6|19|2
340.jpg|6|19|2
341.jpg|1|12|1
342.jpg|6|40|1
343.jpg|1|14|1
344.jpg|5|33|1
345.jpg|1|38|1
345.jpg|1|25|1
346.jpg|1|33|1
346.jpg|6|12|2
347.jpg|1|11|1
348.jpg|1|12|2
349.jpg|1|34|1
350.jpg|5|35|1
350.jpg|5|25|1
351.jpg|5|34|1
352.jpg|1|13|1
353.jpg|6|31|2
354.jpg|5|33|1
355.jpg|1|35|1
355.jpg|1|37|1
356.jpg|6|20|2
357.jpg|2|36|2
358.jpg|1|34|1
358.jpg|6|18|2
359.jpg|5|33|1
360.jpg|5|34|1
361.jpg|5|33|1
362.jpg|5|34|1
363.jpg|1|12|1
363.jpg|2|33|2
363.jpg|3|40|2
364.jpg|5|33|1
365.jpg|5|34|1
366.jpg|1|37|1
366.jpg|1|11|1
366.jpg|2|35|2
367.jpg|1|36|1
368.jpg|1|11|1
368.jpg|1|3|1
368.jpg|5|33|1
368.jpg|6|9|2
369.jpg|1|33|1
369.jpg|1|3|1
369.jpg|6|10|2
370.jpg|4|34|1
370.jpg|5|21|1
371.jpg|5|34|1
372.jpg|6|40|1
373.jpg|5|14|1
374.jpg|1|34|1
374.jpg|1|14|1
374.jpg|6|20|2
375.jpg|6|31|2
376.jpg|1|11|1
376.jpg|4|33|1
377.jpg|4|34|1
378.jpg|5|13|1
378.jpg|5|37|1
379.jpg|1|33|1
379.jpg|1|11|1
379.jpg|6|9|2
380.jpg|1|33|1
380.jpg|1|12|1
380.jpg|1|3|1
380.jpg|6|10|2
381.jpg|5|37|1
381.jpg|5|35|1
381.jpg|5|13|1
382.jpg|6|40|1
383.jpg|4|33|1
384.jpg|6|33|2
385.jpg|6|31|2
386.jpg|6|10|2
387.jpg|1|34|1
388.jpg|5|34|1
388.jpg|6|19|2
389.jpg|5|14|1
390.jpg|1|3|1
391.jpg|4|34|1
392.jpg|1|12|1
392.jpg|1|36|1
393.jpg|6|31|2
394.jpg|5|34|1
394.jpg|6|23|2
395.jpg|1|33|1
395.jpg|3|1|2
396.jpg|2|34|1
396.jpg|2|21|1
397.jpg|6|31|2
398.jpg|1|33|1
398.jpg|1|3|1
398.jpg|1|12|1
398.jpg|6|10|2
399.jpg|6|31|2
400.jpg|6|31|2
401.jpg|6|40|1
402.jpg|1|32|1
403.jpg|1|14|1
403.jpg|1|38|1
404.jpg|1|14|1
404.jpg|1|38|1
405.jpg|1|13|1
405.jpg|5|37|1
406.jpg|1|34|1
406.jpg|6|19|2
407.jpg|1|21|1
407.jpg|6|34|1
408.jpg|6|40|1
409.jpg|2|11|2
409.jpg|6|33|1
409.jpg|6|9|2
410.jpg|3|11|1
410.jpg|5|33|1
411.jpg|5|33|1
412.jpg|6|31|2
413.jpg|6|31|2
414.jpg|1|38|1
414.jpg|1|14|1
415.jpg|2|11|2
415.jpg|6|9|2
415.jpg|6|33|1
416.jpg|6|31|2
417.jpg|6|31|2
418.jpg|6|31|2
419.jpg|1|14|1
419.jpg|1|38|1
419.jpg|1|25|1
420.jpg|5|34|1
420.jpg|6|19|2
421.jpg|6|34|1
422.jpg|1|37|1
422.jpg|1|13|1
423.jpg|4|34|1
424.jpg|6|40|1
425.jpg|6|31|2
426.jpg|1|12|1
426.jpg|5|33|1
427.jpg|5|12|1
428.jpg|3|33|1
429.jpg|6|40|1
430.jpg|6|31|2
431.jpg|5|36|1
432.jpg|2|38|2
432.jpg|2|14|1
433.jpg|6|47|2
434.jpg|6|20|2
435.jpg|5|33|1
436.jpg|1|3|1
436.jpg|6|31|2
436.jpg|6|7|2
437.jpg|2|11|1
438.jpg|1|13|1
438.jpg|5|37|1
439.jpg|6|31|2
440.jpg|6|31|2
441.jpg|1|13|1
441.jpg|1|37|1
441.jpg|1|35|1
441.jpg|1|25|1
442.jpg|1|3|1
442.jpg|3|33|1
442.jpg|6|9|2
443.jpg|5|33|1
443.jpg|6|40|1
444.jpg|5|33|1
445.jpg|6|10|2
446.jpg|1|37|1
446.jpg|5|13|1
447.jpg|6|48|2
448.jpg|5|33|1
449.jpg|6|47|1
450.jpg|1|35|1
450.jpg|1|37|1
451.jpg|6|31|2
452.jpg|5|33|1
453.jpg|5|33|1
454.jpg|1|12|1
454.jpg|1|3|1
454.jpg|6|10|2
455.jpg|6|31|2
456.jpg|5|12|1
456.jpg|5|36|1
457.jpg|1|11|1
457.jpg|1|35|1
457.jpg|6|40|1
458.jpg|1|14|1
458.jpg|1|38|1
458.jpg|1|25|1
459.jpg|1|14|1
459.jpg|1|38|1
460.jpg|1|11|1
460.jpg|2|35|2
460.jpg|6|9|2
461.jpg|1|33|1
461.jpg|1|3|1
461.jpg|6|10|2
461.jpg|6|39|2
462.jpg|6|9|2
463.jpg|1|34|1
464.jpg|6|31|2
465.jpg|6|31|2
466.jpg|1|34|1
467.jpg|5|33|1
468.jpg|6|40|1
469.jpg|6|31|2
470.jpg|1|35|1
471.jpg|5|33|1
472.jpg|6|31|2
473.jpg|1|37|1
473.jpg|1|13|1
473.jpg|1|25|1
474.jpg|1|14|1
474.jpg|5|34|1
475.jpg|6|31|2
476.jpg|1|14|1
476.jpg|5|34|1
477.jpg|5|33|1
478.jpg|1|33|1
478.jpg|1|12|1
478.jpg|6|2|2
478.jpg|6|10|2
479.jpg|5|37|1
480.jpg|6|31|2
481.jpg|6|20|2
482.jpg|5|34|1
483.jpg|1|36|1
483.jpg|1|12|1
484.jpg|5|38|1
485.jpg|6|31|2
486.jpg|4|33|1
487.jpg|1|38|1
487.jpg|1|14|1
488.jpg|1|21|1
489.jpg|6|32|2
490.jpg|1|34|1
490.jpg|1|14|1
490.jpg|2|21|1
490.jpg|6|20|2
491.jpg|6|19|2
492.jpg|1|35|1
492.jpg|2|11|1
493.jpg|4|33|1
494.jpg|1|34|1
495.jpg|5|34|1
496.jpg|5|33|1
497.jpg|5|34|1
498.jpg|5|34|1
499.jpg|1|34|1
500.jpg|6|20|1
501.jpg|1|11|1
501.jpg|1|9|2
501.jpg|1|3|1
501.jpg|5|33|1
501.jpg|6|15|2
502.jpg|5|34|1
503.jpg|6|10|2
504.jpg|6|9|2
505.jpg|6|31|2
506.jpg|3|34|1
506.jpg|6|20|2
507.jpg|6|9|2
508.jpg|1|33|1
508.jpg|1|12|1
508.jpg|1|3|1
508.jpg|6|10|2
509.jpg|6|31|2
510.jpg|1|3|1
510.jpg|6|39|2
511.jpg|6|51|2
511.jpg|6|40|2
512.jpg|6|40|1
513.jpg|1|3|1
514.jpg|1|34|1
515.jpg|1|11|1
515.jpg|1|3|1
515.jpg|4|33|1
515.jpg|6|9|2
516.jpg|6|31|2
517.jpg|5|38|1
517.jpg|5|36|1
517.jpg|5|25|1
518.jpg|5|34|1
519.jpg|5|33|1
520.jpg|4|14|1
520.jpg|6|20|2
521.jpg|6|40|1
522.jpg|3|33|1
522.jpg|5|33|1
522.jpg|6|40|1
523.jpg|1|25|1
523.jpg|5|36|1
524.jpg|6|40|1
525.jpg|5|33|1
526.jpg|5|25|1
526.jpg|6|37|2
526.jpg|6|35|1
527.jpg|1|34|1
527.jpg|1|14|1
528.jpg|1|33|1
528.jpg|1|12|1
528.jpg|6|10|2
529.jpg|1|36|1
529.jpg|1|14|1
529.jpg|2|25|1
530.jpg|1|38|1
530.jpg|1|14|1
531.jpg|6|20|2
532.jpg|1|33|1
533.jpg|1|12|1
533.jpg|1|3|1
533.jpg|6|10|2
533.jpg|6|33|2
534.jpg|5|33|1
534.jpg|5|12|1
535.jpg|5|33|1
536.jpg|6|11|2
536.jpg|6|9|2
536.jpg|6|33|1
537.jpg|6|9|2
537.jpg|6|33|1
538.jpg|1|33|1
538.jpg|1|11|1
538.jpg|6|15|2
539.jpg|6|31|2
540.jpg|5|33|1
541.jpg|5|33|1
542.jpg|6|16|2
542.jpg|6|33|1
543.jpg|5|12|1
544.jpg|1|21|1
545.jpg|1|33|1
546.jpg|1|35|1
546.jpg|1|37|1
546.jpg|1|13|1
546.jpg|6|40|2
547.jpg|5|33|1
548.jpg|6|40|1
549.jpg|1|12|1
550.jpg|4|34|1
551.jpg|3|33|1
552.jpg|2|3|1
552.jpg|6|31|2
553.jpg|6|20|2
554.jpg|5|33|1
555.jpg|1|12|1
555.jpg|2|33|1
555.jpg|6|40|2
556.jpg|5|14|1
556.jpg|5|38|1
557.jpg|5|33|1
558.jpg|1|12|1
558.jpg|1|33|1
558.jpg|1|36|1
558.jpg|6|40|1
559.jpg|1|12|1
559.jpg|5|33|1
560.jpg|1|12|1
561.jpg|2|3|2
561.jpg|6|31|2
562.jpg|5|25|1
562.jpg|5|37|1
562.jpg|6|40|1
563.jpg|6|31|2
564.jpg|6|31|2
565.jpg|5|33|1
566.jpg|6|52|2
567.jpg|6|40|1
568.jpg|6|31|2
569.jpg|5|34|1
569.jpg|5|14|1
570.jpg|6|32|2
571.jpg|1|25|1
571.jpg|6|31|2
572.jpg|1|12|1
572.jpg|1|3|1
572.jpg|6|33|2
572.jpg|6|10|2
573.jpg|5|33|1
574.jpg|5|33|1
575.jpg|5|34|1
576.jpg|1|33|1
577.jpg|5|34|1
577.jpg|6|20|2
578.jpg|2|21|1
579.jpg|1|34|1
580.jpg|5|13|1
580.jpg|5|37|1
581.jpg|1|33|1
582.jpg|1|25|1
582.jpg|2|36|2
583.jpg|1|3|1
583.jpg|1|12|1
583.jpg|6|10|2
584.jpg|3|12|2
584.jpg|5|3|1
584.jpg|6|31|2
585.jpg|3|33|1
586.jpg|1|33|1
586.jpg|6|9|2
587.jpg|5|34|1
588.jpg|1|21|1
589.jpg|6|33|1
589.jpg|6|40|1
589.jpg|6|2|2
590.jpg|5|33|1
591.jpg|5|33|1
592.jpg|1|13|1
592.jpg|1|35|1
593.jpg|5|33|1
594.jpg|2|12|1
594.jpg|3|33|1
595.jpg|6|48|2
596.jpg|1|34|1
596.jpg|6|20|2
597.jpg|3|28|2
597.jpg|5|36|1
598.jpg|1|43|1
598.jpg|1|25|1
598.jpg|6|31|2
599.jpg|5|33|1
600.jpg|5|13|1
601.jpg|6|31|2
602.jpg|2|33|2
602.jpg|2|11|1
602.jpg|2|3|1
602.jpg|6|9|2
603.jpg|6|40|1
604.jpg|1|33|1
605.jpg|1|34|1
606.jpg|5|33|1
607.jpg|5|8|1
608.jpg|6|40|1
609.jpg|6|19|2
610.jpg|2|33|2
611.jpg|1|3|1
612.jpg|5|11|1
613.jpg|6|31|2
614.jpg|5|14|1
615.jpg|5|33|1
616.jpg|6|10|2
616.jpg|6|33|2
617.jpg|6|10|2
617.jpg|6|33|1
618.jpg|5|33|1
619.jpg|1|34|1
619.jpg|1|13|1
620.jpg|1|33|1
620.jpg|1|11|1
620.jpg|6|40|1
621.jpg|5|14|1
622.jpg|1|34|1
622.jpg|6|19|2
623.jpg|6|31|2
624.jpg|1|14|1
624.jpg|1|34|1
625.jpg|1|33|1
625.jpg|1|3|1
625.jpg|3|11|2
625.jpg|6|9|2
626.jpg|5|33|1
627.jpg|3|7|2
627.jpg|6|31|2
628.jpg|5|34|1
629.jpg|2|11|1
629.jpg|5|33|1
629.jpg|6|9|2
630.jpg|6|31|2
631.jpg|5|34|1
632.jpg|1|21|1
632.jpg|6|34|1
632.jpg|6|20|2
633.jpg|3|33|2
633.jpg|6|40|2
634.jpg|6|40|1
635.jpg|1|11|1
636.jpg|5|34|1
637.jpg|5|14|1
638.jpg|1|21|1
638.jpg|3|34|2
638.jpg|3|13|2
638.jpg|6|19|2
638.jpg|6|40|1
639.jpg|6|33|1
640.jpg|5|34|1
641.jpg|6|51|2
642.jpg|5|35|1
642.jpg|5|37|1
643.jpg|5|34|1
644.jpg|6|10|2
645.jpg|6|31|2
646.jpg|1|11|1
646.jpg|1|33|1
647.jpg|1|12|1
647.jpg|1|36|1
647.jpg|1|25|1
648.jpg|1|37|1
648.jpg|1|13|1
649.jpg|6|40|1
650.jpg|1|12|1
650.jpg|1|33|1
650.jpg|1|36|1
650.jpg|6|31|2
650.jpg|6|10|2
650.jpg|6|2|2
651.jpg|1|12|1
651.jpg|5|33|1
651.jpg|6|10|2
652.jpg|6|40|1
653.jpg|1|37|1
654.jpg|5|34|1
655.jpg|5|38|1
655.jpg|5|23|1
655.jpg|5|14|1
656.jpg|1|14|1
656.jpg|1|34|1
656.jpg|6|20|2
657.jpg|5|31|1
658.jpg|1|3|1
658.jpg|3|7|2
659.jpg|1|13|1
659.jpg|3|34|1
660.jpg|5|35|1
661.jpg|3|11|2
661.jpg|6|40|2
662.jpg|6|20|2
663.jpg|2|3|1
663.jpg|5|39|1
663.jpg|6|9|2
664.jpg|5|33|1
664.jpg|5|12|1
665.jpg|3|8|2
665.jpg|6|31|2
666.jpg|1|14|1
667.jpg|5|33|1
668.jpg|6|31|2
669.jpg|5|34|1
670.jpg|5|34|1
671.jpg|1|12|1
671.jpg|5|33|1
672.jpg|1|33|1
673.jpg|1|33|1
673.jpg|2|3|1
673.jpg|6|9|2
673.jpg|6|39|2
674.jpg|6|31|2
675.jpg|1|11|1
675.jpg|1|33|1
676.jpg|5|34|1
677.jpg|1|14|1
677.jpg|1|38|1
677.jpg|1|36|1
677.jpg|1|25|1
677.jpg|3|30|2
677.jpg|3|28|2
678.jpg|1|11|1
679.jpg|6|32|2
680.jpg|1|3|1
680.jpg|6|12|2
680.jpg|6|10|2
680.jpg|6|33|2
680.jpg|6|12|2
681.jpg|1|14|1
682.jpg|1|13|1
683.jpg|6|31|2
684.jpg|6|33|2
684.jpg|6|10|2
684.jpg|6|12|2
685.jpg|5|13|1
686.jpg|6|31|2
687.jpg|4|25|1
687.jpg|5|37|1
688.jpg|2|34|2
688.jpg|2|13|2
688.jpg|2|21|2
688.jpg|6|19|2
688.jpg|6|32|2
689.jpg|5|33|1
690.jpg|1|14|1
690.jpg|1|38|1
691.jpg|6|40|1
692.jpg|6|31|2
693.jpg|5|34|1
694.jpg|5|33|1
695.jpg|6|31|2
696.jpg|5|13|1
697.jpg|5|33|1
698.jpg|1|13|1
698.jpg|6|19|1
699.jpg|5|14|1
700.jpg|5|33|1
701.jpg|5|33|1
702.jpg|5|38|1
703.jpg|5|34|1
703.jpg|5|13|1
704.jpg|1|34|1
704.jpg|2|14|1
704.jpg|6|20|2
705.jpg|5|36|1
705.jpg|5|23|1
705.jpg|5|38|1
706.jpg|5|34|1
707.jpg|6|11|2
707.jpg|6|33|2
708.jpg|5|36|1
708.jpg|5|12|1
709.jpg|6|31|2
710.jpg|6|31|2
711.jpg|5|37|1
711.jpg|5|35|1
712.jpg|5|33|1
713.jpg|4|33|1
713.jpg|4|10|2
714.jpg|4|20|2
714.jpg|5|34|1
715.jpg|1|11|1
715.jpg|1|3|1
715.jpg|4|9|2
715.jpg|4|15|2
715.jpg|6|39|2
716.jpg|5|34|1
717.jpg|4|34|1
718.jpg|1|34|1
718.jpg|1|13|1
718.jpg|6|20|2
719.jpg|6|32|2
720.jpg|1|12|1
721.jpg|5|33|1
722.jpg|1|33|1
722.jpg|6|10|2
723.jpg|6|31|2
724.jpg|5|33|1
724.jpg|6|2|2
725.jpg|1|11|1
725.jpg|6|15|2
726.jpg|5|34|1
727.jpg|5|34|1
728.jpg|5|34|1
729.jpg|5|34|1
730.jpg|6|40|2
731.jpg|6|31|2
732.jpg|6|40|1
733.jpg|6|31|2
734.jpg|5|34|1
735.jpg|1|21|1
735.jpg|2|34|1
736.jpg|1|12|1
737.jpg|1|34|1
738.jpg|6|40|1
739.jpg|6|31|2
740.jpg|1|12|1
741.jpg|1|34|1
741.jpg|1|21|1
741.jpg|1|13|1
741.jpg|6|19|2
742.jpg|1|33|1
743.jpg|6|46|2
744.jpg|6|40|1
745.jpg|6|31|2
746.jpg|1|12|1
746.jpg|2|33|2
746.jpg|2|3|1
746.jpg|6|10|2
747.jpg|6|40|1
748.jpg|1|3|1
748.jpg|2|11|2
748.jpg|2|33|1
748.jpg|3|40|1
748.jpg|6|9|2
749.jpg|1|11|1
750.jpg|1|25|1
750.jpg|1|43|1
751.jpg|4|34|1
752.jpg|1|34|1
753.jpg|1|11|1
753.jpg|1|3|1
753.jpg|6|33|1
753.jpg|6|9|2
754.jpg|1|11|1
754.jpg|1|33|1
755.jpg|4|34|1
756.jpg|1|12|1
756.jpg|1|33|1
756.jpg|1|36|1
756.jpg|6|10|2
757.jpg|1|34|1
758.jpg|3|33|1
758.jpg|3|11|1
758.jpg|6|1|2
759.jpg|5|34|1
760.jpg|6|31|2
761.jpg|1|33|1
762.jpg|1|3|1
762.jpg|2|11|2
762.jpg|2|33|2
762.jpg|6|9|2
763.jpg|1|11|1
764.jpg|1|11|1
764.jpg|5|33|1
765.jpg|1|3|1
765.jpg|1|33|1
766.jpg|1|12|1
766.jpg|5|33|1
767.jpg|3|33|1
768.jpg|6|40|1
769.jpg|5|37|1
769.jpg|5|25|1
769.jpg|5|13|1
770.jpg|1|37|1
771.jpg|1|37|1
772.jpg|6|31|1
773.jpg|5|36|1
774.jpg|5|34|1
775.jpg|6|31|1
776.jpg|4|34|1
777.jpg|1|34|1
777.jpg|5|34|1
777.jpg|6|19|2
778.jpg|1|34|1
778.jpg|6|20|2
779.jpg|1|34|1
780.jpg|5|11|1
781.jpg|5|34|1
782.jpg|1|13|1
782.jpg|2|37|1
782.jpg|2|35|1
782.jpg|2|29|2
783.jpg|5|34|1
784.jpg|1|36|1
784.jpg|1|38|1
785.jpg|5|37|1
785.jpg|5|35|1
786.jpg|2|35|1
787.jpg|6|19|2
788.jpg|1|13|1
789.jpg|1|11|1
789.jpg|1|3|1
789.jpg|4|33|1
789.jpg|6|9|2
790.jpg|5|35|1
790.jpg|5|11|1
791.jpg|5|35|1
791.jpg|5|11|1
792.jpg|6|40|1
793.jpg|4|33|1
793.jpg|6|10|2
793.jpg|6|2|2
794.jpg|1|11|1
794.jpg|3|7|2
794.jpg|5|35|1
794.jpg|5|33|1
795.jpg|1|38|1
795.jpg|1|14|1
796.jpg|3|34|1
797.jpg|6|32|2
798.jpg|1|34|1
798.jpg|6|19|2
799.jpg|6|32|2
800.jpg|1|12|1
800.jpg|5|33|1
801.jpg|1|36|1
801.jpg|1|38|1
801.jpg|2|28|2
801.jpg|3|23|2
801.jpg|3|30|2
802.jpg|1|11|1
802.jpg|1|3|1
802.jpg|3|33|2
802.jpg|6|9|2
803.jpg|5|33|1
804.jpg|1|34|1
805.jpg|6|31|2
806.jpg|5|33|1
807.jpg|5|34|1
808.jpg|3|34|1
809.jpg|4|33|1
810.jpg|5|33|1
811.jpg|2|36|2
811.jpg|2|38|2
811.jpg|2|25|1
812.jpg|2|36|2
812.jpg|2|38|1
812.jpg|2|25|1
813.jpg|5|33|1
814.jpg|5|33|1
815.jpg|5|33|1
816.jpg|4|34|1
817.jpg|5|33|1
817.jpg|5|11|1
818.jpg|2|25|1
819.jpg|1|33|1
819.jpg|1|11|1
819.jpg|1|3|1
819.jpg|6|9|2
820.jpg|6|40|1
821.jpg|5|34|1
821.jpg|6|40|1
822.jpg|5|33|1
822.jpg|6|16|2
823.jpg|1|3|1
823.jpg|6|10|2
823.jpg|6|33|1
824.jpg|1|33|1
825.jpg|5|33|1
826.jpg|5|34|1
827.jpg|6|31|2
828.jpg|4|34|1
829.jpg|6|31|2
830.jpg|5|12|1
831.jpg|6|40|1
832.jpg|5|33|1
833.jpg|5|34|1
834.jpg|1|12|1
834.jpg|1|3|1
834.jpg|6|31|2
835.jpg|1|37|1
835.jpg|1|13|1
835.jpg|1|25|1
836.jpg|1|35|1
836.jpg|1|37|1
836.jpg|5|25|1
837.jpg|1|3|1
837.jpg|2|12|1
837.jpg|2|33|2
837.jpg|6|10|2
838.jpg|1|25|1
838.jpg|1|35|1
839.jpg|5|31|1
840.jpg|1|12|2
840.jpg|5|33|2
841.jpg|5|34|2
842.jpg|1|3|1
842.jpg|1|43|1
842.jpg|6|31|2
843.jpg|5|33|1
843.jpg|5|12|1
844.jpg|1|35|1
845.jpg|3|33|1
846.jpg|1|14|1
846.jpg|1|38|1
846.jpg|5|34|1
846.jpg|6|40|1
847.jpg|5|33|1
848.jpg|6|31|2
849.jpg|1|33|1
849.jpg|6|2|2
850.jpg|1|37|1
851.jpg|6|31|2
852.jpg|5|33|1
853.jpg|4|33|1
853.jpg|6|9|2
854.jpg|1|36|1
855.jpg|1|21|1
855.jpg|4|34|1
856.jpg|6|31|2
857.jpg|5|13|1
858.jpg|1|36|1
858.jpg|1|12|1
858.jpg|1|25|1
858.jpg|3|16|2
858.jpg|5|38|1
859.jpg|6|40|1
860.jpg|1|33|1
860.jpg|1|24|1
860.jpg|2|11|2
860.jpg|2|3|2
860.jpg|3|7|2
860.jpg|6|9|2
860.jpg|6|31|2
861.jpg|1|34|1
862.jpg|1|24|1
862.jpg|6|31|2
863.jpg|6|31|2
864.jpg|6|31|2
865.jpg|5|11|1
865.jpg|5|33|1
866.jpg|6|19|2
867.jpg|5|33|1
868.jpg|1|14|1
868.jpg|6|20|2
869.jpg|1|12|1
869.jpg|5|33|1
869.jpg|6|10|2
870.jpg|4|33|1
871.jpg|1|3|1
872.jpg|1|32|1
872.jpg|2|13|2
873.jpg|1|38|1
874.jpg|6|31|2
875.jpg|1|34|1
876.jpg|1|34|1
877.jpg|5|33|1
878.jpg|1|13|1
879.jpg|5|34|1
880.jpg|1|12|1
881.jpg|4|33|1
882.jpg|5|33|1
882.jpg|5|11|1
883.jpg|1|38|1
883.jpg|1|36|1
883.jpg|1|25|1
883.jpg|5|14|1
884.jpg|6|40|1
885.jpg|5|34|1
886.jpg|1|36|1
886.jpg|1|38|1
887.jpg|3|33|2
888.jpg|1|3|1
888.jpg|1|11|1
888.jpg|6|9|1
889.jpg|1|14|1
889.jpg|4|34|1
889.jpg|6|20|2
890.jpg|1|33|1
890.jpg|3|12|2
890.jpg|5|10|1
891.jpg|5|33|1
892.jpg|6|40|1
893.jpg|6|34|1
894.jpg|1|21|1
895.jpg|5|13|1
895.jpg|5|37|1
896.jpg|5|33|1
897.jpg|1|35|1
897.jpg|1|27|1
898.jpg|6|20|2
898.jpg|6|21|1
899.jpg|5|34|1
900.jpg|1|21|1
900.jpg|1|34|1
900.jpg|6|20|2
901.jpg|6|52|2
902.jpg|1|21|1
902.jpg|6|34|1
903.jpg|1|33|1
904.jpg|5|38|1
904.jpg|5|36|1
905.jpg|6|32|2
906.jpg|1|33|1
906.jpg|5|12|1
907.jpg|1|36|1
908.jpg|1|34|1
909.jpg|6|31|2
910.jpg|6|31|2
911.jpg|1|27|1
911.jpg|1|37|1
911.jpg|2|35|2
911.jpg|2|37|2
912.jpg|6|31|2
913.jpg|6|31|2
914.jpg|6|40|1
915.jpg|4|33|1
916.jpg|4|33|1
916.jpg|4|9|2
917.jpg|4|20|2
917.jpg|5|21|1
918.jpg|2|3|1
918.jpg|3|39|2
918.jpg|4|33|1
918.jpg|4|10|2
918.jpg|4|31|2
919.jpg|5|33|1
920.jpg|5|33|1
921.jpg|5|33|1
922.jpg|5|33|1
923.jpg|1|33|1
923.jpg|1|12|1
924.jpg|1|12|1
924.jpg|1|36|1
924.jpg|6|40|1
925.jpg|1|33|1
925.jpg|1|12|1
925.jpg|6|10|2
926.jpg|1|12|1
926.jpg|1|33|1
926.jpg|1|3|1
926.jpg|6|10|2
927.jpg|5|38|1
928.jpg|6|31|2
929.jpg|1|38|1
930.jpg|5|33|1
931.jpg|5|34|1
932.jpg|1|3|1
932.jpg|3|11|1
933.jpg|5|33|1
933.jpg|5|12|1
934.jpg|4|40|2
935.jpg|5|33|1
936.jpg|1|33|1
937.jpg|4|34|1
938.jpg|1|12|1
938.jpg|6|33|1
938.jpg|6|10|2
939.jpg|1|38|1
939.jpg|1|14|1
940.jpg|6|31|2
941.jpg|4|33|1
942.jpg|5|14|1
943.jpg|1|11|1
943.jpg|3|33|2
943.jpg|6|9|2
944.jpg|1|35|1
944.jpg|1|11|1
944.jpg|6|40|1
945.jpg|1|14|1
945.jpg|5|34|1
945.jpg|6|20|2
946.jpg|6|31|2
947.jpg|6|40|1
948.jpg|1|3|1
948.jpg|1|39|1
948.jpg|4|33|1
948.jpg|6|10|2
948.jpg|6|1|2
949.jpg|4|12|1
950.jpg|6|31|2
951.jpg|1|3|1
951.jpg|1|35|1
951.jpg|2|11|1
951.jpg|3|33|1
951.jpg|6|9|2
952.jpg|5|33|1
953.jpg|6|33|1
954.jpg|1|3|1
954.jpg|6|33|2
955.jpg|6|20|2
956.jpg|6|20|2
957.jpg|1|11|1
957.jpg|1|3|1
957.jpg|4|33|1
957.jpg|6|10|2
957.jpg|6|1|2
958.jpg|3|31|2
958.jpg|6|33|2
959.jpg|6|9|2
960.jpg|1|36|1
961.jpg|1|25|1
962.jpg|1|25|1
963.jpg|1|37|1
963.jpg|1|27|1
963.jpg|1|25|1
964.jpg|2|13|1
964.jpg|4|34|1
964.jpg|6|20|2
965.jpg|5|33|1
966.jpg|6|31|2
967.jpg|1|12|1
968.jpg|1|14|1
969.jpg|5|33|1
970.jpg|1|11|1
970.jpg|3|15|2
970.jpg|5|35|1
971.jpg|1|13|1
971.jpg|4|37|1
971.jpg|6|22|1
972.jpg|5|13|1
973.jpg|4|34|1
974.jpg|6|19|2
975.jpg|5|33|1
976.jpg|1|11|1
976.jpg|1|35|1
976.jpg|1|25|1
977.jpg|1|13|1
977.jpg|6|19|2
978.jpg|5|13|1
978.jpg|5|37|1
979.jpg|5|14|1
980.jpg|1|14|1
980.jpg|6|32|1
981.jpg|1|39|2
981.jpg|2|33|2
981.jpg|2|3|2
981.jpg|2|11|2
981.jpg|6|9|2
982.jpg|5|33|1
983.jpg|6|20|2
984.jpg|6|40|1
985.jpg|5|33|1
986.jpg|1|34|1
987.jpg|6|32|2
988.jpg|6|33|2
989.jpg|1|33|2
990.jpg|6|50|2
991.jpg|5|34|2
992.jpg|1|38|1
993.jpg|5|33|1
994.jpg|6|33|1
995.jpg|6|9|2
996.jpg|3|33|2
996.jpg|6|31|2
997.jpg|1|13|1
998.jpg|1|35|1
999.jpg|5|33|1
1000.jpg|5|33|1
1001.jpg|1|21|1
1001.jpg|4|34|1
1001.jpg|6|20|2
1002.jpg|1|11|1
1003.jpg|3|33|2
1003.jpg|5|9|2
1004.jpg|4|19|2
1004.jpg|5|34|1
1005.jpg|1|34|1
1006.jpg|5|13|1
1007.jpg|1|38|1
1008.jpg|3|34|2
1009.jpg|5|33|1
1010.jpg|6|9|2
1011.jpg|5|33|1
1012.jpg|5|33|1
1013.jpg|1|25|1
1014.jpg|5|33|1
1014.jpg|6|17|2
1015.jpg|1|34|1
1015.jpg|1|21|1
1016.jpg|5|34|1
1017.jpg|1|14|1
1017.jpg|1|21|1
1017.jpg|3|34|2
1017.jpg|6|20|2
1018.jpg|5|14|1
1019.jpg|5|14|1
1020.jpg|6|31|2
1021.jpg|6|34|1
1022.jpg|2|14|1
1023.jpg|6|40|2
1024.jpg|1|36|1
1025.jpg|6|31|2
1026.jpg|1|14|1
1027.jpg|6|31|2
1028.jpg|1|13|1
1029.jpg|5|33|1
1029.jpg|6|9|2
1030.jpg|5|33|1
1031.jpg|6|40|2
1032.jpg|6|46|2
1033.jpg|1|33|1
1033.jpg|1|11|1
1033.jpg|6|9|2
1033.jpg|6|40|2
1034.jpg|2|11|1
1034.jpg|6|10|2
1035.jpg|1|12|1
1035.jpg|6|10|2
1036.jpg|6|40|1
1037.jpg|6|32|2
1038.jpg|2|12|1
1038.jpg|6|33|2
1038.jpg|6|10|2
1039.jpg|5|34|1
1040.jpg|1|36|1
1040.jpg|1|12|1
1040.jpg|6|25|1
1041.jpg|6|31|2
1042.jpg|6|40|1
1043.jpg|5|33|1
1044.jpg|1|14|1
1044.jpg|6|20|2
1045.jpg|1|34|1
1046.jpg|1|11|1
1046.jpg|6|7|2
1046.jpg|6|15|2
1047.jpg|5|34|1
1048.jpg|1|12|1
1048.jpg|1|25|1
1048.jpg|3|36|2
1048.jpg|6|40|1
1049.jpg|6|31|2
1050.jpg|6|40|1
1051.jpg|5|34|1
1052.jpg|1|34|1
1052.jpg|1|21|1
1052.jpg|6|20|2
1053.jpg|5|33|1
1054.jpg|1|36|1
1054.jpg|2|3|2
1054.jpg|6|8|2
1054.jpg|6|52|2
1055.jpg|1|36|1
1055.jpg|2|38|2
1056.jpg|1|3|1
1056.jpg|3|33|2
1057.jpg|1|33|1
1057.jpg|6|16|2
1058.jpg|6|31|2
1059.jpg|6|31|2
1060.jpg|5|38|1
1061.jpg|5|33|1
1062.jpg|3|39|1
1062.jpg|6|33|1
1062.jpg|6|9|2
1062.jpg|6|10|2
1062.jpg|6|31|2
1063.jpg|6|31|2
1064.jpg|5|34|1
1065.jpg|5|33|1
1066.jpg|1|43|1
1066.jpg|1|24|1
1066.jpg|6|31|2
1067.jpg|6|31|2
1068.jpg|1|11|1
1068.jpg|3|27|2
1069.jpg|1|33|1
1069.jpg|6|9|2
1070.jpg|5|33|1
1071.jpg|6|19|2
1072.jpg|6|31|2
1073.jpg|5|33|1
1074.jpg|2|12|2
1074.jpg|6|10|2
1075.jpg|5|12|1
1075.jpg|5|36|1
1076.jpg|6|40|1
1077.jpg|6|31|2
1078.jpg|6|40|1
1079.jpg|5|34|1
1079.jpg|6|19|2
1080.jpg|1|34|1
1081.jpg|5|33|1
1082.jpg|1|3|1
1082.jpg|2|33|1
1082.jpg|2|12|1
1082.jpg|6|10|2
1083.jpg|5|34|1
1083.jpg|5|14|1
1084.jpg|6|19|2
1085.jpg|5|33|1
1086.jpg|1|12|1
1086.jpg|1|33|1
1086.jpg|6|10|2
1087.jpg|6|31|2
1088.jpg|2|12|1
1088.jpg|3|33|2
1088.jpg|6|10|2
1089.jpg|6|9|2
1089.jpg|6|33|1
1090.jpg|1|34|1
1091.jpg|5|33|1
1092.jpg|5|33|1
1093.jpg|5|33|1
1094.jpg|5|12|1
1095.jpg|6|47|2
1096.jpg|1|3|1
1096.jpg|6|9|2
1097.jpg|5|33|1
1098.jpg|6|31|2
1099.jpg|1|25|1
1099.jpg|1|38|1
1099.jpg|2|36|2
1100.jpg|1|33|1
1100.jpg|1|12|1
1100.jpg|6|10|2
1101.jpg|6|32|2
1102.jpg|3|33|2
1102.jpg|6|32|2
1102.jpg|6|9|2
1102.jpg|6|11|2
1103.jpg|6|31|2
1104.jpg|6|31|2
1105.jpg|5|34|1
1105.jpg|6|20|2
1106.jpg|6|9|2
1107.jpg|5|33|1
1108.jpg|1|12|1
1108.jpg|1|36|1
1108.jpg|3|40|2
1108.jpg|3|33|2
1109.jpg|6|9|2
1109.jpg|6|33|1
1110.jpg|1|13|1
1110.jpg|4|34|1
1111.jpg|1|34|1
1112.jpg|1|12|1
1112.jpg|3|33|1
1112.jpg|6|10|2
1113.jpg|5|34|1
1114.jpg|6|9|2
1114.jpg|6|33|1
1115.jpg|5|33|1
1116.jpg|5|33|1
1116.jpg|6|10|2
1117.jpg|5|33|1
1117.jpg|6|9|2
1118.jpg|5|12|1
1118.jpg|5|38|1
1119.jpg|1|33|1
1120.jpg|1|33|1
1121.jpg|1|12|1
1121.jpg|1|12|1
1122.jpg|1|34|1
1123.jpg|1|34|1
1124.jpg|6|9|2
1124.jpg|6|33|1
1125.jpg|5|11|1
1125.jpg|5|35|1
1126.jpg|1|43|1
1126.jpg|1|24|1
1127.jpg|1|11|1
1127.jpg|1|11|1
1127.jpg|5|33|1
1128.jpg|5|11|1
1129.jpg|1|35|1
1130.jpg|5|34|1
1131.jpg|1|14|1
1132.jpg|5|33|1
1133.jpg|1|21|1
1134.jpg|6|40|1
1135.jpg|4|33|1
1136.jpg|1|14|1
1136.jpg|2|38|2
1136.jpg|2|25|1
1137.jpg|5|14|1
1138.jpg|5|34|1
1139.jpg|1|21|1
1140.jpg|6|9|2
1140.jpg|6|33|1
1141.jpg|6|45|2
1142.jpg|6|40|1
1143.jpg|6|34|1
1143.jpg|6|13|1
1144.jpg|1|37|1
1144.jpg|1|35|1
1145.jpg|1|35|1
1145.jpg|2|11|1
1145.jpg|6|31|2
